--
-- PostgreSQL database dump
--

-- Dumped from database version 17.4
-- Dumped by pg_dump version 17.4

-- Started on 2025-05-19 22:05:51

SET statement_timeout = 0;
SET lock_timeout = 0;
SET idle_in_transaction_session_timeout = 0;
SET transaction_timeout = 0;
SET client_encoding = 'UTF8';
SET standard_conforming_strings = on;
SELECT pg_catalog.set_config('search_path', '', false);
SET check_function_bodies = false;
SET xmloption = content;
SET client_min_messages = warning;
SET row_security = off;

SET default_tablespace = '';

SET default_table_access_method = heap;

--
-- TOC entry 218 (class 1259 OID 74732)
-- Name: chi_tiet_chuc_nang; Type: TABLE; Schema: public; Owner: postgres
--

CREATE TABLE public.chi_tiet_chuc_nang (
    id integer NOT NULL,
    chuc_nang_id integer,
    nhom_quyen_id integer
);


ALTER TABLE public.chi_tiet_chuc_nang OWNER TO postgres;

--
-- TOC entry 217 (class 1259 OID 74731)
-- Name: chi_tiet_chuc_nang_id_seq; Type: SEQUENCE; Schema: public; Owner: postgres
--

ALTER TABLE public.chi_tiet_chuc_nang ALTER COLUMN id ADD GENERATED BY DEFAULT AS IDENTITY (
    SEQUENCE NAME public.chi_tiet_chuc_nang_id_seq
    START WITH 1
    INCREMENT BY 1
    NO MINVALUE
    NO MAXVALUE
    CACHE 1
);


--
-- TOC entry 220 (class 1259 OID 74738)
-- Name: chi_tiet_don_hang; Type: TABLE; Schema: public; Owner: postgres
--

CREATE TABLE public.chi_tiet_don_hang (
    id integer NOT NULL,
    don_gia double precision,
    so_luong integer,
    don_hang_id integer,
    thuoc_id integer
);


ALTER TABLE public.chi_tiet_don_hang OWNER TO postgres;

--
-- TOC entry 219 (class 1259 OID 74737)
-- Name: chi_tiet_don_hang_id_seq; Type: SEQUENCE; Schema: public; Owner: postgres
--

ALTER TABLE public.chi_tiet_don_hang ALTER COLUMN id ADD GENERATED BY DEFAULT AS IDENTITY (
    SEQUENCE NAME public.chi_tiet_don_hang_id_seq
    START WITH 1
    INCREMENT BY 1
    NO MINVALUE
    NO MAXVALUE
    CACHE 1
);


--
-- TOC entry 222 (class 1259 OID 74744)
-- Name: chi_tiet_gio_hang; Type: TABLE; Schema: public; Owner: postgres
--

CREATE TABLE public.chi_tiet_gio_hang (
    id integer NOT NULL,
    don_gia double precision,
    so_luong integer,
    gio_hang_id integer,
    thuoc_id integer
);


ALTER TABLE public.chi_tiet_gio_hang OWNER TO postgres;

--
-- TOC entry 221 (class 1259 OID 74743)
-- Name: chi_tiet_gio_hang_id_seq; Type: SEQUENCE; Schema: public; Owner: postgres
--

ALTER TABLE public.chi_tiet_gio_hang ALTER COLUMN id ADD GENERATED BY DEFAULT AS IDENTITY (
    SEQUENCE NAME public.chi_tiet_gio_hang_id_seq
    START WITH 1
    INCREMENT BY 1
    NO MINVALUE
    NO MAXVALUE
    CACHE 1
);


--
-- TOC entry 224 (class 1259 OID 74750)
-- Name: chi_tiet_khuyen_mai; Type: TABLE; Schema: public; Owner: postgres
--

CREATE TABLE public.chi_tiet_khuyen_mai (
    id integer NOT NULL,
    giam_gia double precision,
    khuyen_mai_id integer,
    thuoc_id integer
);


ALTER TABLE public.chi_tiet_khuyen_mai OWNER TO postgres;

--
-- TOC entry 223 (class 1259 OID 74749)
-- Name: chi_tiet_khuyen_mai_id_seq; Type: SEQUENCE; Schema: public; Owner: postgres
--

ALTER TABLE public.chi_tiet_khuyen_mai ALTER COLUMN id ADD GENERATED BY DEFAULT AS IDENTITY (
    SEQUENCE NAME public.chi_tiet_khuyen_mai_id_seq
    START WITH 1
    INCREMENT BY 1
    NO MINVALUE
    NO MAXVALUE
    CACHE 1
);


--
-- TOC entry 226 (class 1259 OID 74756)
-- Name: chi_tiet_nhom_quyen; Type: TABLE; Schema: public; Owner: postgres
--

CREATE TABLE public.chi_tiet_nhom_quyen (
    id integer NOT NULL,
    nguoi_dung_id integer,
    nhom_quyen_id integer
);


ALTER TABLE public.chi_tiet_nhom_quyen OWNER TO postgres;

--
-- TOC entry 225 (class 1259 OID 74755)
-- Name: chi_tiet_nhom_quyen_id_seq; Type: SEQUENCE; Schema: public; Owner: postgres
--

ALTER TABLE public.chi_tiet_nhom_quyen ALTER COLUMN id ADD GENERATED BY DEFAULT AS IDENTITY (
    SEQUENCE NAME public.chi_tiet_nhom_quyen_id_seq
    START WITH 1
    INCREMENT BY 1
    NO MINVALUE
    NO MAXVALUE
    CACHE 1
);


--
-- TOC entry 228 (class 1259 OID 74762)
-- Name: chi_tiet_phieu_nhap; Type: TABLE; Schema: public; Owner: postgres
--

CREATE TABLE public.chi_tiet_phieu_nhap (
    id integer NOT NULL,
    don_gia double precision,
    han_su_dung timestamp(6) without time zone,
    so_luong integer,
    phieu_nhap_id integer,
    thuoc_id integer
);


ALTER TABLE public.chi_tiet_phieu_nhap OWNER TO postgres;

--
-- TOC entry 227 (class 1259 OID 74761)
-- Name: chi_tiet_phieu_nhap_id_seq; Type: SEQUENCE; Schema: public; Owner: postgres
--

ALTER TABLE public.chi_tiet_phieu_nhap ALTER COLUMN id ADD GENERATED BY DEFAULT AS IDENTITY (
    SEQUENCE NAME public.chi_tiet_phieu_nhap_id_seq
    START WITH 1
    INCREMENT BY 1
    NO MINVALUE
    NO MAXVALUE
    CACHE 1
);


--
-- TOC entry 230 (class 1259 OID 74768)
-- Name: chuc_nang; Type: TABLE; Schema: public; Owner: postgres
--

CREATE TABLE public.chuc_nang (
    id integer NOT NULL,
    hanh_dong character varying(255),
    mo_ta character varying(255),
    ten_chuc_nang character varying(255) NOT NULL
);


ALTER TABLE public.chuc_nang OWNER TO postgres;

--
-- TOC entry 229 (class 1259 OID 74767)
-- Name: chuc_nang_id_seq; Type: SEQUENCE; Schema: public; Owner: postgres
--

ALTER TABLE public.chuc_nang ALTER COLUMN id ADD GENERATED BY DEFAULT AS IDENTITY (
    SEQUENCE NAME public.chuc_nang_id_seq
    START WITH 1
    INCREMENT BY 1
    NO MINVALUE
    NO MAXVALUE
    CACHE 1
);


--
-- TOC entry 232 (class 1259 OID 74776)
-- Name: danh_gia; Type: TABLE; Schema: public; Owner: postgres
--

CREATE TABLE public.danh_gia (
    id integer NOT NULL,
    created_at timestamp(6) without time zone,
    update_at timestamp(6) without time zone,
    danh_gia text,
    diem_so integer,
    danh_gia_id integer,
    nguoi_dung_id integer,
    thuoc_id integer
);


ALTER TABLE public.danh_gia OWNER TO postgres;

--
-- TOC entry 231 (class 1259 OID 74775)
-- Name: danh_gia_id_seq; Type: SEQUENCE; Schema: public; Owner: postgres
--

ALTER TABLE public.danh_gia ALTER COLUMN id ADD GENERATED BY DEFAULT AS IDENTITY (
    SEQUENCE NAME public.danh_gia_id_seq
    START WITH 1
    INCREMENT BY 1
    NO MINVALUE
    NO MAXVALUE
    CACHE 1
);


--
-- TOC entry 234 (class 1259 OID 74784)
-- Name: danh_muc_thuoc; Type: TABLE; Schema: public; Owner: postgres
--

CREATE TABLE public.danh_muc_thuoc (
    id integer NOT NULL,
    mo_ta character varying(255),
    ten_danh_muc character varying(255)
);


ALTER TABLE public.danh_muc_thuoc OWNER TO postgres;

--
-- TOC entry 233 (class 1259 OID 74783)
-- Name: danh_muc_thuoc_id_seq; Type: SEQUENCE; Schema: public; Owner: postgres
--

ALTER TABLE public.danh_muc_thuoc ALTER COLUMN id ADD GENERATED BY DEFAULT AS IDENTITY (
    SEQUENCE NAME public.danh_muc_thuoc_id_seq
    START WITH 1
    INCREMENT BY 1
    NO MINVALUE
    NO MAXVALUE
    CACHE 1
);


--
-- TOC entry 236 (class 1259 OID 74792)
-- Name: doi_tuong; Type: TABLE; Schema: public; Owner: postgres
--

CREATE TABLE public.doi_tuong (
    id integer NOT NULL,
    mo_ta character varying(255),
    ten_doi_tuong character varying(255)
);


ALTER TABLE public.doi_tuong OWNER TO postgres;

--
-- TOC entry 235 (class 1259 OID 74791)
-- Name: doi_tuong_id_seq; Type: SEQUENCE; Schema: public; Owner: postgres
--

ALTER TABLE public.doi_tuong ALTER COLUMN id ADD GENERATED BY DEFAULT AS IDENTITY (
    SEQUENCE NAME public.doi_tuong_id_seq
    START WITH 1
    INCREMENT BY 1
    NO MINVALUE
    NO MAXVALUE
    CACHE 1
);


--
-- TOC entry 238 (class 1259 OID 74800)
-- Name: doi_tuong_sd_thuoc; Type: TABLE; Schema: public; Owner: postgres
--

CREATE TABLE public.doi_tuong_sd_thuoc (
    id integer NOT NULL,
    doi_tuong_id integer,
    thuoc_id integer
);


ALTER TABLE public.doi_tuong_sd_thuoc OWNER TO postgres;

--
-- TOC entry 237 (class 1259 OID 74799)
-- Name: doi_tuong_sd_thuoc_id_seq; Type: SEQUENCE; Schema: public; Owner: postgres
--

ALTER TABLE public.doi_tuong_sd_thuoc ALTER COLUMN id ADD GENERATED BY DEFAULT AS IDENTITY (
    SEQUENCE NAME public.doi_tuong_sd_thuoc_id_seq
    START WITH 1
    INCREMENT BY 1
    NO MINVALUE
    NO MAXVALUE
    CACHE 1
);


--
-- TOC entry 240 (class 1259 OID 74806)
-- Name: don_hang; Type: TABLE; Schema: public; Owner: postgres
--

CREATE TABLE public.don_hang (
    id integer NOT NULL,
    created_at timestamp(6) without time zone,
    update_at timestamp(6) without time zone,
    dia_chi character varying(255),
    email character varying(255),
    giam_gia double precision,
    ngay_giao timestamp(6) without time zone,
    phuong_thuc_thanh_toan character varying(255),
    so_dien_thoai character varying(255),
    ten_khach_hang character varying(255),
    tong_tien double precision,
    trang_thai_giao_hang character varying(255),
    trang_thai_thanh_toan character varying(255),
    khach_hang_id integer,
    nguoi_dung_id integer,
    CONSTRAINT don_hang_phuong_thuc_thanh_toan_check CHECK (((phuong_thuc_thanh_toan)::text = ANY ((ARRAY['TIEN_MAT'::character varying, 'CHUYEN_KHOAN'::character varying, 'THE_NGAN_HANG'::character varying, 'VI_DIEN_TU'::character varying])::text[]))),
    CONSTRAINT don_hang_trang_thai_giao_hang_check CHECK (((trang_thai_giao_hang)::text = ANY ((ARRAY['DANG_XU_LY'::character varying, 'DANG_GIAO'::character varying, 'DA_GIAO'::character varying, 'DA_HUY'::character varying, 'TRA_HANG'::character varying])::text[]))),
    CONSTRAINT don_hang_trang_thai_thanh_toan_check CHECK (((trang_thai_thanh_toan)::text = ANY ((ARRAY['CHUA_THANH_TOAN'::character varying, 'DA_THANH_TOAN'::character varying, 'THANH_TOAN_MOT_PHAN'::character varying])::text[])))
);


ALTER TABLE public.don_hang OWNER TO postgres;

--
-- TOC entry 239 (class 1259 OID 74805)
-- Name: don_hang_id_seq; Type: SEQUENCE; Schema: public; Owner: postgres
--

ALTER TABLE public.don_hang ALTER COLUMN id ADD GENERATED BY DEFAULT AS IDENTITY (
    SEQUENCE NAME public.don_hang_id_seq
    START WITH 1
    INCREMENT BY 1
    NO MINVALUE
    NO MAXVALUE
    CACHE 1
);


--
-- TOC entry 242 (class 1259 OID 74817)
-- Name: gio_hang; Type: TABLE; Schema: public; Owner: postgres
--

CREATE TABLE public.gio_hang (
    id integer NOT NULL,
    created_at timestamp(6) without time zone,
    update_at timestamp(6) without time zone,
    nguoi_dung_id integer
);


ALTER TABLE public.gio_hang OWNER TO postgres;

--
-- TOC entry 241 (class 1259 OID 74816)
-- Name: gio_hang_id_seq; Type: SEQUENCE; Schema: public; Owner: postgres
--

ALTER TABLE public.gio_hang ALTER COLUMN id ADD GENERATED BY DEFAULT AS IDENTITY (
    SEQUENCE NAME public.gio_hang_id_seq
    START WITH 1
    INCREMENT BY 1
    NO MINVALUE
    NO MAXVALUE
    CACHE 1
);


--
-- TOC entry 244 (class 1259 OID 74823)
-- Name: khuyen_mai; Type: TABLE; Schema: public; Owner: postgres
--

CREATE TABLE public.khuyen_mai (
    id integer NOT NULL,
    mo_ta text,
    ngay_bat_dau timestamp(6) without time zone,
    ngay_ket_thuc timestamp(6) without time zone,
    ten_chuong_trinh character varying(255),
    trang_thai boolean
);


ALTER TABLE public.khuyen_mai OWNER TO postgres;

--
-- TOC entry 243 (class 1259 OID 74822)
-- Name: khuyen_mai_id_seq; Type: SEQUENCE; Schema: public; Owner: postgres
--

ALTER TABLE public.khuyen_mai ALTER COLUMN id ADD GENERATED BY DEFAULT AS IDENTITY (
    SEQUENCE NAME public.khuyen_mai_id_seq
    START WITH 1
    INCREMENT BY 1
    NO MINVALUE
    NO MAXVALUE
    CACHE 1
);


--
-- TOC entry 246 (class 1259 OID 74831)
-- Name: lich_su_hoat_dong; Type: TABLE; Schema: public; Owner: postgres
--

CREATE TABLE public.lich_su_hoat_dong (
    id integer NOT NULL,
    created_at timestamp(6) without time zone,
    update_at timestamp(6) without time zone,
    hanh_dong character varying(255),
    mo_ta character varying(255),
    nguoi_dung_id integer
);


ALTER TABLE public.lich_su_hoat_dong OWNER TO postgres;

--
-- TOC entry 245 (class 1259 OID 74830)
-- Name: lich_su_hoat_dong_id_seq; Type: SEQUENCE; Schema: public; Owner: postgres
--

ALTER TABLE public.lich_su_hoat_dong ALTER COLUMN id ADD GENERATED BY DEFAULT AS IDENTITY (
    SEQUENCE NAME public.lich_su_hoat_dong_id_seq
    START WITH 1
    INCREMENT BY 1
    NO MINVALUE
    NO MAXVALUE
    CACHE 1
);


--
-- TOC entry 248 (class 1259 OID 74839)
-- Name: loai_thuoc; Type: TABLE; Schema: public; Owner: postgres
--

CREATE TABLE public.loai_thuoc (
    id integer NOT NULL,
    mo_ta character varying(255),
    ten_loai character varying(255),
    danh_muc_thuoc_id integer
);


ALTER TABLE public.loai_thuoc OWNER TO postgres;

--
-- TOC entry 247 (class 1259 OID 74838)
-- Name: loai_thuoc_id_seq; Type: SEQUENCE; Schema: public; Owner: postgres
--

ALTER TABLE public.loai_thuoc ALTER COLUMN id ADD GENERATED BY DEFAULT AS IDENTITY (
    SEQUENCE NAME public.loai_thuoc_id_seq
    START WITH 1
    INCREMENT BY 1
    NO MINVALUE
    NO MAXVALUE
    CACHE 1
);


--
-- TOC entry 250 (class 1259 OID 74847)
-- Name: nguoi_dung; Type: TABLE; Schema: public; Owner: postgres
--

CREATE TABLE public.nguoi_dung (
    id integer NOT NULL,
    created_at timestamp(6) without time zone,
    update_at timestamp(6) without time zone,
    avatar character varying(255),
    dia_chi character varying(255),
    email character varying(255),
    ho_ten character varying(255),
    mat_khau character varying(255),
    so_dien_thoai character varying(255),
    ten_dang_nhap character varying(255),
    trang_thai boolean
);


ALTER TABLE public.nguoi_dung OWNER TO postgres;

--
-- TOC entry 249 (class 1259 OID 74846)
-- Name: nguoi_dung_id_seq; Type: SEQUENCE; Schema: public; Owner: postgres
--

ALTER TABLE public.nguoi_dung ALTER COLUMN id ADD GENERATED BY DEFAULT AS IDENTITY (
    SEQUENCE NAME public.nguoi_dung_id_seq
    START WITH 1
    INCREMENT BY 1
    NO MINVALUE
    NO MAXVALUE
    CACHE 1
);


--
-- TOC entry 251 (class 1259 OID 74854)
-- Name: nguoi_nhan_thong_bao; Type: TABLE; Schema: public; Owner: postgres
--

CREATE TABLE public.nguoi_nhan_thong_bao (
    thong_bao_id integer NOT NULL,
    nguoi_dung_id integer NOT NULL
);


ALTER TABLE public.nguoi_nhan_thong_bao OWNER TO postgres;

--
-- TOC entry 253 (class 1259 OID 74858)
-- Name: nha_cung_cap; Type: TABLE; Schema: public; Owner: postgres
--

CREATE TABLE public.nha_cung_cap (
    id integer NOT NULL,
    dia_chi character varying(255),
    email character varying(255),
    mancc character varying(255),
    so_dien_thoai character varying(255),
    ten_nha_cung_cap character varying(255)
);


ALTER TABLE public.nha_cung_cap OWNER TO postgres;

--
-- TOC entry 252 (class 1259 OID 74857)
-- Name: nha_cung_cap_id_seq; Type: SEQUENCE; Schema: public; Owner: postgres
--

ALTER TABLE public.nha_cung_cap ALTER COLUMN id ADD GENERATED BY DEFAULT AS IDENTITY (
    SEQUENCE NAME public.nha_cung_cap_id_seq
    START WITH 1
    INCREMENT BY 1
    NO MINVALUE
    NO MAXVALUE
    CACHE 1
);


--
-- TOC entry 255 (class 1259 OID 74866)
-- Name: nha_san_xuat; Type: TABLE; Schema: public; Owner: postgres
--

CREATE TABLE public.nha_san_xuat (
    id integer NOT NULL,
    dia_chi character varying(255),
    email character varying(255),
    mansx character varying(255),
    nuoc_san_xuat character varying(255),
    so_dien_thoai character varying(255),
    ten_nha_san_xuat character varying(255)
);


ALTER TABLE public.nha_san_xuat OWNER TO postgres;

--
-- TOC entry 254 (class 1259 OID 74865)
-- Name: nha_san_xuat_id_seq; Type: SEQUENCE; Schema: public; Owner: postgres
--

ALTER TABLE public.nha_san_xuat ALTER COLUMN id ADD GENERATED BY DEFAULT AS IDENTITY (
    SEQUENCE NAME public.nha_san_xuat_id_seq
    START WITH 1
    INCREMENT BY 1
    NO MINVALUE
    NO MAXVALUE
    CACHE 1
);


--
-- TOC entry 257 (class 1259 OID 74874)
-- Name: nhom_quyen; Type: TABLE; Schema: public; Owner: postgres
--

CREATE TABLE public.nhom_quyen (
    id integer NOT NULL,
    mo_ta character varying(255),
    ten_nhom_quyen character varying(255)
);


ALTER TABLE public.nhom_quyen OWNER TO postgres;

--
-- TOC entry 256 (class 1259 OID 74873)
-- Name: nhom_quyen_id_seq; Type: SEQUENCE; Schema: public; Owner: postgres
--

ALTER TABLE public.nhom_quyen ALTER COLUMN id ADD GENERATED BY DEFAULT AS IDENTITY (
    SEQUENCE NAME public.nhom_quyen_id_seq
    START WITH 1
    INCREMENT BY 1
    NO MINVALUE
    NO MAXVALUE
    CACHE 1
);


--
-- TOC entry 259 (class 1259 OID 74882)
-- Name: phieu_nhap; Type: TABLE; Schema: public; Owner: postgres
--

CREATE TABLE public.phieu_nhap (
    id integer NOT NULL,
    created_at timestamp(6) without time zone,
    update_at timestamp(6) without time zone,
    tong_tien double precision,
    nguoi_dung_id integer,
    nha_cung_cap_id integer
);


ALTER TABLE public.phieu_nhap OWNER TO postgres;

--
-- TOC entry 258 (class 1259 OID 74881)
-- Name: phieu_nhap_id_seq; Type: SEQUENCE; Schema: public; Owner: postgres
--

ALTER TABLE public.phieu_nhap ALTER COLUMN id ADD GENERATED BY DEFAULT AS IDENTITY (
    SEQUENCE NAME public.phieu_nhap_id_seq
    START WITH 1
    INCREMENT BY 1
    NO MINVALUE
    NO MAXVALUE
    CACHE 1
);


--
-- TOC entry 261 (class 1259 OID 74888)
-- Name: thanh_phan_thuoc; Type: TABLE; Schema: public; Owner: postgres
--

CREATE TABLE public.thanh_phan_thuoc (
    id integer NOT NULL,
    don_vi character varying(255),
    ham_luong character varying(255),
    ten_thanh_phan character varying(255),
    thuoc_id integer
);


ALTER TABLE public.thanh_phan_thuoc OWNER TO postgres;

--
-- TOC entry 260 (class 1259 OID 74887)
-- Name: thanh_phan_thuoc_id_seq; Type: SEQUENCE; Schema: public; Owner: postgres
--

ALTER TABLE public.thanh_phan_thuoc ALTER COLUMN id ADD GENERATED BY DEFAULT AS IDENTITY (
    SEQUENCE NAME public.thanh_phan_thuoc_id_seq
    START WITH 1
    INCREMENT BY 1
    NO MINVALUE
    NO MAXVALUE
    CACHE 1
);


--
-- TOC entry 263 (class 1259 OID 74896)
-- Name: thong_bao; Type: TABLE; Schema: public; Owner: postgres
--

CREATE TABLE public.thong_bao (
    id integer NOT NULL,
    created_at timestamp(6) without time zone,
    update_at timestamp(6) without time zone,
    hinh_anh character varying(255),
    link_lien_ket character varying(255),
    loai_thong_bao character varying(255),
    noi_dung text,
    tieu_de character varying(255),
    trang_thai boolean,
    CONSTRAINT thong_bao_loai_thong_bao_check CHECK (((loai_thong_bao)::text = ANY ((ARRAY['HE_THONG'::character varying, 'CA_NHAN'::character varying, 'GIAO_DICH'::character varying, 'SU_KIEN'::character varying, 'KHUYEN_MAI'::character varying, 'CANH_BAO'::character varying, 'TAI_KHOAN'::character varying])::text[])))
);


ALTER TABLE public.thong_bao OWNER TO postgres;

--
-- TOC entry 262 (class 1259 OID 74895)
-- Name: thong_bao_id_seq; Type: SEQUENCE; Schema: public; Owner: postgres
--

ALTER TABLE public.thong_bao ALTER COLUMN id ADD GENERATED BY DEFAULT AS IDENTITY (
    SEQUENCE NAME public.thong_bao_id_seq
    START WITH 1
    INCREMENT BY 1
    NO MINVALUE
    NO MAXVALUE
    CACHE 1
);


--
-- TOC entry 265 (class 1259 OID 74905)
-- Name: thuoc; Type: TABLE; Schema: public; Owner: postgres
--

CREATE TABLE public.thuoc (
    id integer NOT NULL,
    avatar character varying(255),
    che_bao character varying(255),
    chi_dinh text,
    chong_chi_dinh text,
    cong_dung text,
    don_vi character varying(255),
    ghi_chu text,
    gia_ban double precision,
    gia_nhap double precision,
    han_su_dung timestamp(6) without time zone,
    huong_dan_su_dung text,
    ma_thuoc character varying(255),
    ma_vach character varying(255),
    mo_ta_ngan text,
    nguong_canh_bao integer,
    quy_cach character varying(255),
    so_dang_ky character varying(255),
    so_luong_ton integer,
    ten_thuoc character varying(255),
    trang_thai boolean,
    loai_thuoc_id integer,
    nha_san_xuat_id integer
);


ALTER TABLE public.thuoc OWNER TO postgres;

--
-- TOC entry 264 (class 1259 OID 74904)
-- Name: thuoc_id_seq; Type: SEQUENCE; Schema: public; Owner: postgres
--

ALTER TABLE public.thuoc ALTER COLUMN id ADD GENERATED BY DEFAULT AS IDENTITY (
    SEQUENCE NAME public.thuoc_id_seq
    START WITH 1
    INCREMENT BY 1
    NO MINVALUE
    NO MAXVALUE
    CACHE 1
);


--
-- TOC entry 267 (class 1259 OID 74913)
-- Name: ton_kho; Type: TABLE; Schema: public; Owner: postgres
--

CREATE TABLE public.ton_kho (
    id integer NOT NULL,
    created_at timestamp(6) without time zone,
    update_at timestamp(6) without time zone,
    han_su_dung timestamp(6) without time zone,
    so_lo character varying(255),
    so_luong integer,
    vi_tri character varying(255),
    thuoc_id integer
);


ALTER TABLE public.ton_kho OWNER TO postgres;

--
-- TOC entry 266 (class 1259 OID 74912)
-- Name: ton_kho_id_seq; Type: SEQUENCE; Schema: public; Owner: postgres
--

ALTER TABLE public.ton_kho ALTER COLUMN id ADD GENERATED BY DEFAULT AS IDENTITY (
    SEQUENCE NAME public.ton_kho_id_seq
    START WITH 1
    INCREMENT BY 1
    NO MINVALUE
    NO MAXVALUE
    CACHE 1
);


--
-- TOC entry 269 (class 1259 OID 74921)
-- Name: tuong_tac_thuoc; Type: TABLE; Schema: public; Owner: postgres
--

CREATE TABLE public.tuong_tac_thuoc (
    id integer NOT NULL,
    co_che text,
    hau_qua text,
    hoat_chat1 character varying(255),
    hoat_chat2 character varying(255),
    xu_tri text
);


ALTER TABLE public.tuong_tac_thuoc OWNER TO postgres;

--
-- TOC entry 268 (class 1259 OID 74920)
-- Name: tuong_tac_thuoc_id_seq; Type: SEQUENCE; Schema: public; Owner: postgres
--

ALTER TABLE public.tuong_tac_thuoc ALTER COLUMN id ADD GENERATED BY DEFAULT AS IDENTITY (
    SEQUENCE NAME public.tuong_tac_thuoc_id_seq
    START WITH 1
    INCREMENT BY 1
    NO MINVALUE
    NO MAXVALUE
    CACHE 1
);


--
-- TOC entry 5103 (class 0 OID 74732)
-- Dependencies: 218
-- Data for Name: chi_tiet_chuc_nang; Type: TABLE DATA; Schema: public; Owner: postgres
--

COPY public.chi_tiet_chuc_nang (id, chuc_nang_id, nhom_quyen_id) FROM stdin;
\.


--
-- TOC entry 5105 (class 0 OID 74738)
-- Dependencies: 220
-- Data for Name: chi_tiet_don_hang; Type: TABLE DATA; Schema: public; Owner: postgres
--

COPY public.chi_tiet_don_hang (id, don_gia, so_luong, don_hang_id, thuoc_id) FROM stdin;
9	5000	1	14	9
10	4000	1	14	10
11	5500	1	13	11
12	1800	1	13	12
13	3000	1	12	13
14	2500	1	12	14
15	4000	1	11	15
16	5500	1	11	16
\.


--
-- TOC entry 5107 (class 0 OID 74744)
-- Dependencies: 222
-- Data for Name: chi_tiet_gio_hang; Type: TABLE DATA; Schema: public; Owner: postgres
--

COPY public.chi_tiet_gio_hang (id, don_gia, so_luong, gio_hang_id, thuoc_id) FROM stdin;
\.


--
-- TOC entry 5109 (class 0 OID 74750)
-- Dependencies: 224
-- Data for Name: chi_tiet_khuyen_mai; Type: TABLE DATA; Schema: public; Owner: postgres
--

COPY public.chi_tiet_khuyen_mai (id, giam_gia, khuyen_mai_id, thuoc_id) FROM stdin;
17	15	1	9
18	10	1	10
19	20	1	11
20	15	1	12
21	10	2	13
22	20	2	14
23	15	2	15
24	10	2	16
\.


--
-- TOC entry 5111 (class 0 OID 74756)
-- Dependencies: 226
-- Data for Name: chi_tiet_nhom_quyen; Type: TABLE DATA; Schema: public; Owner: postgres
--

COPY public.chi_tiet_nhom_quyen (id, nguoi_dung_id, nhom_quyen_id) FROM stdin;
1	11	1
2	12	2
\.


--
-- TOC entry 5113 (class 0 OID 74762)
-- Dependencies: 228
-- Data for Name: chi_tiet_phieu_nhap; Type: TABLE DATA; Schema: public; Owner: postgres
--

COPY public.chi_tiet_phieu_nhap (id, don_gia, han_su_dung, so_luong, phieu_nhap_id, thuoc_id) FROM stdin;
67	1000	2026-06-30 00:00:00	300	15	9
68	2200	2026-06-30 00:00:00	200	12	10
69	1000	2026-06-30 00:00:00	300	11	11
70	500	2026-06-30 00:00:00	400	12	12
71	2000	2026-06-30 00:00:00	200	12	13
72	1500	2026-06-30 00:00:00	200	12	14
73	1200	2026-06-30 00:00:00	200	13	15
74	3000	2026-03-31 00:00:00	150	13	16
75	2500	2026-03-31 00:00:00	250	14	9
76	2500	2026-03-31 00:00:00	250	14	10
77	2000	2026-03-31 00:00:00	200	15	11
78	2500	2026-03-31 00:00:00	150	15	12
\.


--
-- TOC entry 5115 (class 0 OID 74768)
-- Dependencies: 230
-- Data for Name: chuc_nang; Type: TABLE DATA; Schema: public; Owner: postgres
--

COPY public.chuc_nang (id, hanh_dong, mo_ta, ten_chuc_nang) FROM stdin;
\.


--
-- TOC entry 5117 (class 0 OID 74776)
-- Dependencies: 232
-- Data for Name: danh_gia; Type: TABLE DATA; Schema: public; Owner: postgres
--

COPY public.danh_gia (id, created_at, update_at, danh_gia, diem_so, danh_gia_id, nguoi_dung_id, thuoc_id) FROM stdin;
16	2024-02-25 00:00:00	2024-02-25 00:00:00	Thuốc rất hiệu quả, tôi đã khỏi viêm họng sau 3 ngày sử dụng.	5	\N	6	9
17	2024-02-28 00:00:00	2024-02-28 00:00:00	Thuốc tốt, con tôi đã khỏi viêm phổi sau một đợt điều trị.	4	\N	7	11
18	2024-03-05 00:00:00	2024-03-05 00:00:00	Thuốc trị viêm phổi rất hiệu quả, tôi đã khỏi bệnh sau 7 ngày.	5	\N	8	12
19	2024-03-08 00:00:00	2024-03-08 00:00:00	Thuốc giảm đau hiệu quả, nhưng hơi khó uống.	4	\N	9	13
20	2024-03-12 00:00:00	2024-03-12 00:00:00	Thuốc trị đau dạ dày rất tốt, tôi không còn đau sau 2 ngày sử dụng.	5	\N	10	14
21	2024-02-26 00:00:00	2024-02-26 00:00:00	Cảm ơn bạn đã đánh giá. Azithromycin là kháng sinh mạnh và hiệu quả với nhiều loại nhiễm khuẩn.	\N	\N	3	9
22	2024-03-01 00:00:00	2024-03-01 00:00:00	Cảm ơn bạn đã đánh giá. Cefixime là lựa chọn tốt cho trẻ em vì có thể dùng đường uống và ít tác dụng phụ.	\N	\N	3	11
23	2024-03-06 00:00:00	2024-03-06 00:00:00	Cảm ơn bạn đã đánh giá. Levofloxacin là kháng sinh phổ rộng hiệu quả với nhiều loại nhiễm khuẩn.	\N	\N	4	12
24	2024-03-09 00:00:00	2024-03-09 00:00:00	Cảm ơn bạn đã đánh giá. Diclofenac có thể gây khó chịu dạ dày, nên uống sau khi ăn để giảm tác dụng phụ.	\N	\N	4	13
25	2024-03-13 00:00:00	2024-03-13 00:00:00	Cảm ơn bạn đã đánh giá. Pantoprazole là thuốc ức chế bơm proton hiệu quả trong điều trị các bệnh lý dạ dày.	\N	\N	3	14
\.


--
-- TOC entry 5119 (class 0 OID 74784)
-- Dependencies: 234
-- Data for Name: danh_muc_thuoc; Type: TABLE DATA; Schema: public; Owner: postgres
--

COPY public.danh_muc_thuoc (id, mo_ta, ten_danh_muc) FROM stdin;
\.


--
-- TOC entry 5121 (class 0 OID 74792)
-- Dependencies: 236
-- Data for Name: doi_tuong; Type: TABLE DATA; Schema: public; Owner: postgres
--

COPY public.doi_tuong (id, mo_ta, ten_doi_tuong) FROM stdin;
1	Người từ 18 tuổi trở lên	Người lớn
2	Trẻ từ 2-12 tuổi	Trẻ em
3	Người từ 65 tuổi trở lên	Người cao tuổi
4	Phụ nữ đang mang thai	Phụ nữ có thai
5	Phụ nữ đang cho con bú	Phụ nữ cho con bú
6	Trẻ dưới 2 tuổi	Trẻ sơ sinh
7	Người từ 12-18 tuổi	Thanh thiếu niên
\.


--
-- TOC entry 5123 (class 0 OID 74800)
-- Dependencies: 238
-- Data for Name: doi_tuong_sd_thuoc; Type: TABLE DATA; Schema: public; Owner: postgres
--

COPY public.doi_tuong_sd_thuoc (id, doi_tuong_id, thuoc_id) FROM stdin;
18	1	9
19	7	10
20	1	11
21	2	12
22	7	13
23	1	14
24	3	15
25	1	16
\.


--
-- TOC entry 5125 (class 0 OID 74806)
-- Dependencies: 240
-- Data for Name: don_hang; Type: TABLE DATA; Schema: public; Owner: postgres
--

COPY public.don_hang (id, created_at, update_at, dia_chi, email, giam_gia, ngay_giao, phuong_thuc_thanh_toan, so_dien_thoai, ten_khach_hang, tong_tien, trang_thai_giao_hang, trang_thai_thanh_toan, khach_hang_id, nguoi_dung_id) FROM stdin;
8	2024-02-15 00:00:00	2024-02-20 00:00:00	Hà Nội	customer1@gmail.com	0	2024-02-23 00:00:00	TIEN_MAT	0987654326	Hoàng Văn Khách	9500	DA_GIAO	DA_THANH_TOAN	6	5
9	2024-02-18 00:00:00	2024-02-23 00:00:00	Hồ Chí Minh	customer2@gmail.com	0	2024-03-06 00:00:00	CHUYEN_KHOAN	0987654327	Ngô Thị Hàng	12000	DA_GIAO	DA_THANH_TOAN	7	5
10	2024-02-20 00:00:00	2024-02-25 00:00:00	Đà Nẵng	customer3@gmail.com	0	2024-02-15 00:00:00	THE_NGAN_HANG	0987654328	Vũ Văn Mua	8500	DA_GIAO	DA_THANH_TOAN	8	5
11	2024-03-01 00:00:00	2024-03-01 00:00:00	Hải Phòng	customer4@gmail.com	0	2024-02-29 00:00:00	VI_DIEN_TU	0987654329	Đặng Thị Sắm	10500	DANG_GIAO	DA_THANH_TOAN	9	5
12	2024-03-10 00:00:00	2024-03-10 00:00:00	Cần Thơ	customer5@gmail.com	0	\N	TIEN_MAT	0987654330	Bùi Văn Tiêu	15000	DANG_XU_LY	CHUA_THANH_TOAN	10	5
13	2024-03-15 00:00:00	2024-03-15 00:00:00	Hà Nội	customer1@gmail.com	0	2024-03-20 00:00:00	TIEN_MAT	0987654326	Hoàng Văn Khách	7500	DA_GIAO	DA_THANH_TOAN	6	5
14	2024-03-18 00:00:00	2024-03-18 00:00:00	Hồ Chí Minh	customer2@gmail.com	0	2024-03-25 00:00:00	CHUYEN_KHOAN	0987654327	Ngô Thị Hàng	9700	DA_GIAO	DA_THANH_TOAN	7	5
\.


--
-- TOC entry 5127 (class 0 OID 74817)
-- Dependencies: 242
-- Data for Name: gio_hang; Type: TABLE DATA; Schema: public; Owner: postgres
--

COPY public.gio_hang (id, created_at, update_at, nguoi_dung_id) FROM stdin;
\.


--
-- TOC entry 5129 (class 0 OID 74823)
-- Dependencies: 244
-- Data for Name: khuyen_mai; Type: TABLE DATA; Schema: public; Owner: postgres
--

COPY public.khuyen_mai (id, mo_ta, ngay_bat_dau, ngay_ket_thuc, ten_chuong_trinh, trang_thai) FROM stdin;
1	Giảm giá các sản phẩm trong mùa hè 2024	2024-06-01 00:00:00	2024-08-31 00:00:00	Khuyến mãi mùa hè 2024	t
2	Giảm giá nhân dịp khai trương chi nhánh mới	2024-04-01 00:00:00	2024-04-30 00:00:00	Khuyến mãi khai trương chi nhánh mới	t
\.


--
-- TOC entry 5131 (class 0 OID 74831)
-- Dependencies: 246
-- Data for Name: lich_su_hoat_dong; Type: TABLE DATA; Schema: public; Owner: postgres
--

COPY public.lich_su_hoat_dong (id, created_at, update_at, hanh_dong, mo_ta, nguoi_dung_id) FROM stdin;
13	2024-03-01 08:00:00	2024-03-01 08:00:00	ĐĂNG NHẬP	Đăng nhập vào hệ thống	1
14	2024-03-01 09:00:00	2024-03-01 09:00:00	THÊM MỚI	Thêm mới thuốc Azithromycin 500mg	1
15	2024-03-01 10:00:00	2024-03-01 10:00:00	CẬP NHẬT	Cập nhật thông tin thuốc Cefixime 200mg	1
16	2024-03-02 08:00:00	2024-03-02 08:00:00	ĐĂNG NHẬP	Đăng nhập vào hệ thống	2
17	2024-03-02 09:00:00	2024-03-02 09:00:00	THÊM MỚI	Thêm mới chương trình khuyến mãi	2
18	2024-03-02 10:00:00	2024-03-02 10:00:00	CẬP NHẬT	Cập nhật thông tin nhà cung cấp	2
19	2024-03-03 08:00:00	2024-03-03 08:00:00	ĐĂNG NHẬP	Đăng nhập vào hệ thống	3
20	2024-03-03 09:00:00	2024-03-03 09:00:00	THÊM MỚI	Thêm mới phiếu nhập kho	3
21	2024-03-03 10:00:00	2024-03-03 10:00:00	CẬP NHẬT	Cập nhật thông tin tồn kho	3
22	2024-03-04 08:00:00	2024-03-04 08:00:00	ĐĂNG NHẬP	Đăng nhập vào hệ thống	4
23	2024-03-04 09:00:00	2024-03-04 09:00:00	THÊM MỚI	Thêm mới phiếu nhập kho	4
24	2024-03-04 10:00:00	2024-03-04 10:00:00	CẬP NHẬT	Cập nhật thông tin tồn kho	4
\.


--
-- TOC entry 5133 (class 0 OID 74839)
-- Dependencies: 248
-- Data for Name: loai_thuoc; Type: TABLE DATA; Schema: public; Owner: postgres
--

COPY public.loai_thuoc (id, mo_ta, ten_loai, danh_muc_thuoc_id) FROM stdin;
1	Thuốc kháng sinh	Kháng sinh	\N
2	Thuốc kháng sinh nhóm Cephalosporin	Cephalosporin	\N
3	Thuốc kháng sinh nhóm Macrolide	Macrolide	\N
4	Thuốc kháng sinh nhóm Quinolone	Quinolone	\N
5	Thuốc kháng sinh nhóm Penicillin	Penicillin	\N
6	Thuốc kháng viêm không steroid	NSAIDs	\N
7	Thuốc điều trị tăng huyết áp	Antihypertensive	\N
8	Thuốc điều trị đái tháo đường	Antidiabetic	\N
9	Thuốc hạ lipid máu	Lipid-lowering	\N
10	Thuốc kháng histamine	Antihistamine	\N
11	Thuốc ức chế bơm proton	Proton pump inhibitor	\N
\.


--
-- TOC entry 5135 (class 0 OID 74847)
-- Dependencies: 250
-- Data for Name: nguoi_dung; Type: TABLE DATA; Schema: public; Owner: postgres
--

COPY public.nguoi_dung (id, created_at, update_at, avatar, dia_chi, email, ho_ten, mat_khau, so_dien_thoai, ten_dang_nhap, trang_thai) FROM stdin;
1	2025-05-17 19:18:14.476422	2025-05-17 19:18:14.476422	\N	Hà Nội	admin2@gmail.com	Admin2	$2a$10$XRUv1H/KAordI8DUVV6ScORT2JnRg.heFhHpGPEr.UN9UAlpSiPBe	0987654321	admin2	t
2	2025-05-17 19:18:14.476422	2025-05-17 19:18:14.476422	\N	Hà Nội	manager2@gmail.com	Manager2	$2a$10$XRUv1H/KAordI8DUVV6ScORT2JnRg.heFhHpGPEr.UN9UAlpSiPBe	0987654322	manager2	t
3	2025-05-17 19:18:14.476422	2025-05-17 19:18:14.476422	\N	Hà Nội	pharmacist2@gmail.com	Pharmacist2	$2a$10$XRUv1H/KAordI8DUVV6ScORT2JnRg.heFhHpGPEr.UN9UAlpSiPBe	0987654323	pharmacist2	t
4	2025-05-17 19:18:14.476422	2025-05-17 19:18:14.476422	\N	Hà Nội	cashier2@gmail.com	Cashier2	$2a$10$XRUv1H/KAordI8DUVV6ScORT2JnRg.heFhHpGPEr.UN9UAlpSiPBe	0987654324	cashier2	t
5	2025-05-17 19:18:14.476422	2025-05-17 19:18:14.476422	\N	Hà Nội	customer2@gmail.com	Customer 2	$2a$10$XRUv1H/KAordI8DUVV6ScORT2JnRg.heFhHpGPEr.UN9UAlpSiPBe	0987654325	customer2	t
6	2025-05-17 19:18:14.476422	2025-05-17 19:18:14.476422	\N	Hà Nội	customer3@gmail.com	Customer 3	$2a$10$XRUv1H/KAordI8DUVV6ScORT2JnRg.heFhHpGPEr.UN9UAlpSiPBe	0987654326	customer3	t
7	2025-05-17 19:18:14.476422	2025-05-17 19:18:14.476422	\N	Hồ Chí Minh	customer4@gmail.com	Customer 4	$2a$10$XRUv1H/KAordI8DUVV6ScORT2JnRg.heFhHpGPEr.UN9UAlpSiPBe	0987654327	customer4	t
8	2025-05-17 19:18:14.476422	2025-05-17 19:18:14.476422	\N	Đà Nẵng	customer5@gmail.com	Customer 5	$2a$10$XRUv1H/KAordI8DUVV6ScORT2JnRg.heFhHpGPEr.UN9UAlpSiPBe	0987654328	customer5	t
9	2025-05-17 19:18:14.476422	2025-05-17 19:18:14.476422	\N	Hải Phòng	customer6@gmail.com	Customer 6	$2a$10$XRUv1H/KAordI8DUVV6ScORT2JnRg.heFhHpGPEr.UN9UAlpSiPBe	0987654329	customer6	t
10	2025-05-17 19:18:14.476422	2025-05-17 19:18:14.476422	\N	Cần Thơ	customer7@gmail.com	Customer 7	$2a$10$XRUv1H/KAordI8DUVV6ScORT2JnRg.heFhHpGPEr.UN9UAlpSiPBe	0987654330	customer7	t
11	2025-05-17 20:06:44.084083	2025-05-17 20:06:44.084083	avatar1.jpg	Hà Nội	admin@pharmacy.com	Admin System	$2a$10$XRUv1H/KAordI8DUVV6ScORT2JnRg.heFhHpGPEr.UN9UAlpSiPBe	0987654321	admin	t
12	2025-05-17 20:06:44.084083	2025-05-17 20:06:44.084083	avatar2.jpg	Hồ Chí Minh	manager@pharmacy.com	Nguyễn Văn Quản Lý	$2a$10$XRUv1H/KAordI8DUVV6ScORT2JnRg.heFhHpGPEr.UN9UAlpSiPBe	0987654322	manager	t
\.


--
-- TOC entry 5136 (class 0 OID 74854)
-- Dependencies: 251
-- Data for Name: nguoi_nhan_thong_bao; Type: TABLE DATA; Schema: public; Owner: postgres
--

COPY public.nguoi_nhan_thong_bao (thong_bao_id, nguoi_dung_id) FROM stdin;
6	1
6	2
6	3
6	4
6	5
5	1
5	2
5	3
5	4
4	1
4	2
4	3
4	4
4	5
\.


--
-- TOC entry 5138 (class 0 OID 74858)
-- Dependencies: 253
-- Data for Name: nha_cung_cap; Type: TABLE DATA; Schema: public; Owner: postgres
--

COPY public.nha_cung_cap (id, dia_chi, email, mancc, so_dien_thoai, ten_nha_cung_cap) FROM stdin;
1	Hà Nội	distribution@hanoi-pharma.com	\N	0987654331	Công ty Phân phối Dược phẩm Hà Nội
2	TP.HCM	distribution@hcm-pharma.com	\N	0987654332	Công ty Phân phối Dược phẩm TP.HCM
3	Đà Nẵng	distribution@danang-pharma.com	\N	0987654333	Công ty Phân phối Dược phẩm Đà Nẵng
\.


--
-- TOC entry 5140 (class 0 OID 74866)
-- Dependencies: 255
-- Data for Name: nha_san_xuat; Type: TABLE DATA; Schema: public; Owner: postgres
--

COPY public.nha_san_xuat (id, dia_chi, email, mansx, nuoc_san_xuat, so_dien_thoai, ten_nha_san_xuat) FROM stdin;
1	Hà Nội	contact@hanoi-pharma.com	\N	\N	0987654321	Công ty Dược phẩm Hà Nội
2	TP.HCM	contact@hcm-pharma.com	\N	\N	0987654322	Công ty Dược phẩm TP.HCM
3	Đà Nẵng	contact@danang-pharma.com	\N	\N	0987654323	Công ty Dược phẩm Đà Nẵng
4	Cần Thơ	contact@cantho-pharma.com	\N	\N	0987654324	Công ty Dược phẩm Cần Thơ
5	Hải Phòng	contact@haiphong-pharma.com	\N	\N	0987654325	Công ty Dược phẩm Hải Phòng
\.


--
-- TOC entry 5142 (class 0 OID 74874)
-- Dependencies: 257
-- Data for Name: nhom_quyen; Type: TABLE DATA; Schema: public; Owner: postgres
--

COPY public.nhom_quyen (id, mo_ta, ten_nhom_quyen) FROM stdin;
1	Quản trị viên hệ thống	ADMIN
2	Quản lý cửa hàng	MANAGER
3	Dược sĩ	PHARMACIST
4	Thu ngân	CASHIER
5	Khách hàng	CUSTOMER
\.


--
-- TOC entry 5144 (class 0 OID 74882)
-- Dependencies: 259
-- Data for Name: phieu_nhap; Type: TABLE DATA; Schema: public; Owner: postgres
--

COPY public.phieu_nhap (id, created_at, update_at, tong_tien, nguoi_dung_id, nha_cung_cap_id) FROM stdin;
6	2024-01-15 00:00:00	2024-01-15 00:00:00	2500000	3	1
7	2024-02-15 00:00:00	2024-02-15 00:00:00	3000000	4	2
8	2024-03-15 00:00:00	2024-03-15 00:00:00	2800000	3	3
9	2024-03-20 00:00:00	2024-03-20 00:00:00	2200000	4	1
11	2024-01-15 00:00:00	2024-01-15 00:00:00	2500000	3	1
12	2024-02-15 00:00:00	2024-02-15 00:00:00	3000000	4	2
13	2024-03-15 00:00:00	2024-03-15 00:00:00	2800000	3	3
14	2024-03-20 00:00:00	2024-03-20 00:00:00	2200000	4	1
15	2024-03-25 00:00:00	2024-03-25 00:00:00	1800000	3	2
10	2024-03-25 00:00:00	2025-05-17 20:16:23.623	0	3	1
\.


--
-- TOC entry 5146 (class 0 OID 74888)
-- Dependencies: 261
-- Data for Name: thanh_phan_thuoc; Type: TABLE DATA; Schema: public; Owner: postgres
--

COPY public.thanh_phan_thuoc (id, don_vi, ham_luong, ten_thanh_phan, thuoc_id) FROM stdin;
17	mg	500	Azithromycin	9
18	mg	200	Cefixime	10
19	mg	500	Levofloxacin	11
20	mg	50	Diclofenac	12
21	mg	40	Pantoprazole	13
22	mg	500	Metformin	14
23	mg	50	Losartan	15
24	mg	20	Atorvastatin	16
\.


--
-- TOC entry 5148 (class 0 OID 74896)
-- Dependencies: 263
-- Data for Name: thong_bao; Type: TABLE DATA; Schema: public; Owner: postgres
--

COPY public.thong_bao (id, created_at, update_at, hinh_anh, link_lien_ket, loai_thong_bao, noi_dung, tieu_de, trang_thai) FROM stdin;
1	2024-03-01 00:00:00	2024-03-01 00:00:00	price_update.jpg	/medicines	HE_THONG	Một số sản phẩm đã được cập nhật giá mới. Vui lòng kiểm tra!	Cập nhật giá thuốc mới	f
2	2024-03-05 00:00:00	2024-03-05 00:00:00	new_medicine.jpg	/inventory	GIAO_DICH	Các loại thuốc mới đã được nhập kho. Vui lòng kiểm tra!	Thuốc mới đã nhập kho	f
3	2024-03-15 00:00:00	2024-03-15 00:00:00	new_branch.jpg	/promotions	KHUYEN_MAI	Chương trình khuyến mãi khai trương chi nhánh mới sẽ bắt đầu từ ngày 01/04/2024. Giảm giá lên đến 20%!	Khuyến mãi khai trương chi nhánh mới	f
4	2024-03-01 00:00:00	2024-03-01 00:00:00	price_update.jpg	/medicines	HE_THONG	Một số sản phẩm đã được cập nhật giá mới. Vui lòng kiểm tra!	Cập nhật giá thuốc mới	f
5	2024-03-05 00:00:00	2024-03-05 00:00:00	new_medicine.jpg	/inventory	GIAO_DICH	Các loại thuốc mới đã được nhập kho. Vui lòng kiểm tra!	Thuốc mới đã nhập kho	f
6	2024-03-15 00:00:00	2024-03-15 00:00:00	new_branch.jpg	/promotions	KHUYEN_MAI	Chương trình khuyến mãi khai trương chi nhánh mới sẽ bắt đầu từ ngày 01/04/2024. Giảm giá lên đến 20%!	Khuyến mãi khai trương chi nhánh mới	f
7	2025-05-19 21:52:37.366	2025-05-19 21:52:37.366	\N	\N	HE_THONG	gsfgsgs	\N	f
\.


--
-- TOC entry 5150 (class 0 OID 74905)
-- Dependencies: 265
-- Data for Name: thuoc; Type: TABLE DATA; Schema: public; Owner: postgres
--

COPY public.thuoc (id, avatar, che_bao, chi_dinh, chong_chi_dinh, cong_dung, don_vi, ghi_chu, gia_ban, gia_nhap, han_su_dung, huong_dan_su_dung, ma_thuoc, ma_vach, mo_ta_ngan, nguong_canh_bao, quy_cach, so_dang_ky, so_luong_ton, ten_thuoc, trang_thai, loai_thuoc_id, nha_san_xuat_id) FROM stdin;
9	azithromycin.jpg	Viên nén bao phim	Nhiễm khuẩn đường hô hấp trên và dưới, nhiễm khuẩn da và mô mềm	Mẫn cảm với macrolide, suy gan nặng	Điều trị nhiễm khuẩn đường hô hấp, da và mô mềm	Viên	Bảo quản ở nhiệt độ dưới 30 độ C, tránh ánh sáng	5000	3000	2026-06-30 00:00:00	Uống 1 viên/ngày, trong 3 ngày liên tiếp	T016	B016	Thuốc kháng sinh nhóm macrolide	30	Hộp 3 vỉ x 6 viên	VD-12360	300	Azithromycin 500mg	t	3	1
10	cefixime.jpg	Viên nang	Nhiễm khuẩn đường hô hấp, tiết niệu, tai mũi họng	Mẫn cảm với cephalosporin	Điều trị nhiễm khuẩn đường hô hấp, tiết niệu	Viên	Bảo quản ở nhiệt độ dưới 30 độ C, tránh ánh sáng	4000	2500	2026-06-30 00:00:00	Uống 1 viên/lần, ngày 2 lần, sau khi ăn	T017	B017	Thuốc kháng sinh nhóm cephalosporin thế hệ 3	50	Hộp 10 vỉ x 10 viên	VD-12361	500	Cefixime 200mg	t	2	2
11	levofloxacin.jpg	Viên nén bao phim	Viêm phổi, viêm phế quản, nhiễm khuẩn tiết niệu, nhiễm khuẩn da	Mẫn cảm với quinolone, trẻ em dưới 18 tuổi, phụ nữ có thai	Điều trị nhiễm khuẩn đường hô hấp, tiết niệu, da	Viên	Bảo quản ở nhiệt độ dưới 30 độ C, tránh ánh sáng	5500	3500	2026-06-30 00:00:00	Uống 1 viên/ngày, trong 7-14 ngày tùy theo mức độ nhiễm khuẩn	T018	B018	Thuốc kháng sinh nhóm quinolone	40	Hộp 1 vỉ x 10 viên	VD-12362	400	Levofloxacin 500mg	t	4	3
12	diclofenac.jpg	Viên nén bao phim	Đau nhức xương khớp, viêm khớp, đau lưng, đau đầu	Loét dạ dày, tá tràng, suy thận, suy gan, phụ nữ có thai 3 tháng cuối	Giảm đau, kháng viêm	Viên	Bảo quản ở nhiệt độ dưới 30 độ C, tránh ánh sáng	1800	1000	2026-06-30 00:00:00	Uống 1 viên/lần, ngày 2-3 lần, sau khi ăn	T019	B019	Thuốc kháng viêm không steroid	60	Hộp 3 vỉ x 10 viên	VD-12363	600	Diclofenac 50mg	t	6	4
13	pantoprazole.jpg	Viên nén bao tan trong ruột	Loét dạ dày, tá tràng, trào ngược dạ dày thực quản, hội chứng Zollinger-Ellison	Mẫn cảm với pantoprazole	Điều trị loét dạ dày, tá tràng, trào ngược dạ dày thực quản	Viên	Bảo quản ở nhiệt độ dưới 30 độ C, tránh ánh sáng	3500	2200	2026-06-30 00:00:00	Uống 1 viên/ngày, trước bữa ăn sáng	T020	B020	Thuốc ức chế bơm proton	40	Hộp 3 vỉ x 10 viên	VD-12364	400	Pantoprazole 40mg	t	11	5
14	metformin.jpg	Viên nén bao phim	Đái tháo đường type 2, hội chứng buồng trứng đa nang	Suy thận, suy gan, nhiễm toan chuyển hóa, phụ nữ có thai	Điều trị đái tháo đường type 2	Viên	Bảo quản ở nhiệt độ dưới 30 độ C, tránh ánh sáng	2500	1500	2026-06-30 00:00:00	Uống 1 viên/lần, ngày 2-3 lần, sau khi ăn	T021	B021	Thuốc điều trị đái tháo đường	50	Hộp 3 vỉ x 10 viên	VD-12365	500	Metformin 500mg	t	8	1
15	losartan.jpg	Viên nén bao phim	Tăng huyết áp, suy tim, bảo vệ thận ở bệnh nhân đái tháo đường	Phụ nữ có thai, suy gan nặng	Điều trị tăng huyết áp, suy tim	Viên	Bảo quản ở nhiệt độ dưới 30 độ C, tránh ánh sáng	3200	2000	2026-06-30 00:00:00	Uống 1 viên/ngày, có thể uống cùng hoặc không cùng bữa ăn	T022	B022	Thuốc ức chế thụ thể angiotensin II	40	Hộp 3 vỉ x 10 viên	VD-12366	400	Losartan 50mg	t	7	2
16	atorvastatin.jpg	Viên nén bao phim	Tăng cholesterol máu, dự phòng bệnh tim mạch	Phụ nữ có thai, cho con bú, bệnh gan tiến triển	Điều trị tăng cholesterol máu	Viên	Bảo quản ở nhiệt độ dưới 30 độ C, tránh ánh sáng	4000	2500	2026-06-30 00:00:00	Uống 1 viên/ngày, vào buổi tối	T023	B023	Thuốc ức chế HMG-CoA reductase	30	Hộp 3 vỉ x 10 viên	VD-12367	300	Atorvastatin 20mg	t	9	3
\.


--
-- TOC entry 5152 (class 0 OID 74913)
-- Dependencies: 267
-- Data for Name: ton_kho; Type: TABLE DATA; Schema: public; Owner: postgres
--

COPY public.ton_kho (id, created_at, update_at, han_su_dung, so_lo, so_luong, vi_tri, thuoc_id) FROM stdin;
1	2025-05-17 17:58:10.660465	2025-05-17 17:58:10.660465	2026-06-30 00:00:00	LO031	150	Kệ P1	9
2	2025-05-17 17:58:10.660465	2025-05-17 17:58:10.660465	2026-03-31 00:00:00	LO032	150	Kệ P2	10
3	2025-05-17 17:58:10.660465	2025-05-17 17:58:10.660465	2026-06-30 00:00:00	LO033	250	Kệ Q1	11
4	2025-05-17 17:58:10.660465	2025-05-17 17:58:10.660465	2026-03-31 00:00:00	LO034	250	Kệ Q2	12
5	2025-05-17 17:58:10.660465	2025-05-17 17:58:10.660465	2026-06-30 00:00:00	LO035	200	Kệ R1	13
6	2025-05-17 17:58:10.660465	2025-05-17 17:58:10.660465	2026-03-31 00:00:00	LO036	200	Kệ R2	14
7	2025-05-17 17:58:10.660465	2025-05-17 17:58:10.660465	2026-06-30 00:00:00	LO037	300	Kệ S1	15
8	2025-05-17 17:58:10.660465	2025-05-17 17:58:10.660465	2026-03-31 00:00:00	LO038	300	Kệ S2	16
\.


--
-- TOC entry 5154 (class 0 OID 74921)
-- Dependencies: 269
-- Data for Name: tuong_tac_thuoc; Type: TABLE DATA; Schema: public; Owner: postgres
--

COPY public.tuong_tac_thuoc (id, co_che, hau_qua, hoat_chat1, hoat_chat2, xu_tri) FROM stdin;
1	Azithromycin ức chế chuyển hóa warfarin	Tăng tác dụng chống đông của warfarin, tăng nguy cơ xuất huyết	Azithromycin	Warfarin	Theo dõi INR chặt chẽ, điều chỉnh liều warfarin nếu cần
2	Cefixime có thể gây phản ứng disulfiram khi uống cùng rượu	Đỏ bừng, buồn nôn, nôn, đau đầu, hạ huyết áp	Cefixime	Alcohol	Tránh uống rượu trong khi dùng cefixime và 3 ngày sau khi ngừng thuốc
3	Levofloxacin ức chế chuyển hóa theophylline	Tăng nồng độ theophylline trong máu, tăng nguy cơ độc tính	Levofloxacin	Theophylline	Giảm liều theophylline, theo dõi nồng độ theophylline trong máu
4	Diclofenac làm giảm thải trừ lithium qua thận	Tăng nồng độ lithium trong máu, tăng nguy cơ độc tính	Diclofenac	Lithium	Theo dõi nồng độ lithium trong máu, điều chỉnh liều lithium nếu cần
5	Pantoprazole làm giảm hấp thu atazanavir do tăng pH dạ dày	Giảm nồng độ atazanavir trong máu, giảm hiệu quả điều trị	Pantoprazole	Atazanavir	Tránh phối hợp, thay thế pantoprazole bằng thuốc khác nếu có thể
\.


--
-- TOC entry 5160 (class 0 OID 0)
-- Dependencies: 217
-- Name: chi_tiet_chuc_nang_id_seq; Type: SEQUENCE SET; Schema: public; Owner: postgres
--

SELECT pg_catalog.setval('public.chi_tiet_chuc_nang_id_seq', 1, false);


--
-- TOC entry 5161 (class 0 OID 0)
-- Dependencies: 219
-- Name: chi_tiet_don_hang_id_seq; Type: SEQUENCE SET; Schema: public; Owner: postgres
--

SELECT pg_catalog.setval('public.chi_tiet_don_hang_id_seq', 65, true);


--
-- TOC entry 5162 (class 0 OID 0)
-- Dependencies: 221
-- Name: chi_tiet_gio_hang_id_seq; Type: SEQUENCE SET; Schema: public; Owner: postgres
--

SELECT pg_catalog.setval('public.chi_tiet_gio_hang_id_seq', 1, false);


--
-- TOC entry 5163 (class 0 OID 0)
-- Dependencies: 223
-- Name: chi_tiet_khuyen_mai_id_seq; Type: SEQUENCE SET; Schema: public; Owner: postgres
--

SELECT pg_catalog.setval('public.chi_tiet_khuyen_mai_id_seq', 34, true);


--
-- TOC entry 5164 (class 0 OID 0)
-- Dependencies: 225
-- Name: chi_tiet_nhom_quyen_id_seq; Type: SEQUENCE SET; Schema: public; Owner: postgres
--

SELECT pg_catalog.setval('public.chi_tiet_nhom_quyen_id_seq', 2, true);


--
-- TOC entry 5165 (class 0 OID 0)
-- Dependencies: 227
-- Name: chi_tiet_phieu_nhap_id_seq; Type: SEQUENCE SET; Schema: public; Owner: postgres
--

SELECT pg_catalog.setval('public.chi_tiet_phieu_nhap_id_seq', 84, true);


--
-- TOC entry 5166 (class 0 OID 0)
-- Dependencies: 229
-- Name: chuc_nang_id_seq; Type: SEQUENCE SET; Schema: public; Owner: postgres
--

SELECT pg_catalog.setval('public.chuc_nang_id_seq', 1, false);


--
-- TOC entry 5167 (class 0 OID 0)
-- Dependencies: 231
-- Name: danh_gia_id_seq; Type: SEQUENCE SET; Schema: public; Owner: postgres
--

SELECT pg_catalog.setval('public.danh_gia_id_seq', 35, true);


--
-- TOC entry 5168 (class 0 OID 0)
-- Dependencies: 233
-- Name: danh_muc_thuoc_id_seq; Type: SEQUENCE SET; Schema: public; Owner: postgres
--

SELECT pg_catalog.setval('public.danh_muc_thuoc_id_seq', 1, false);


--
-- TOC entry 5169 (class 0 OID 0)
-- Dependencies: 235
-- Name: doi_tuong_id_seq; Type: SEQUENCE SET; Schema: public; Owner: postgres
--

SELECT pg_catalog.setval('public.doi_tuong_id_seq', 1, false);


--
-- TOC entry 5170 (class 0 OID 0)
-- Dependencies: 237
-- Name: doi_tuong_sd_thuoc_id_seq; Type: SEQUENCE SET; Schema: public; Owner: postgres
--

SELECT pg_catalog.setval('public.doi_tuong_sd_thuoc_id_seq', 25, true);


--
-- TOC entry 5171 (class 0 OID 0)
-- Dependencies: 239
-- Name: don_hang_id_seq; Type: SEQUENCE SET; Schema: public; Owner: postgres
--

SELECT pg_catalog.setval('public.don_hang_id_seq', 31, true);


--
-- TOC entry 5172 (class 0 OID 0)
-- Dependencies: 241
-- Name: gio_hang_id_seq; Type: SEQUENCE SET; Schema: public; Owner: postgres
--

SELECT pg_catalog.setval('public.gio_hang_id_seq', 1, false);


--
-- TOC entry 5173 (class 0 OID 0)
-- Dependencies: 243
-- Name: khuyen_mai_id_seq; Type: SEQUENCE SET; Schema: public; Owner: postgres
--

SELECT pg_catalog.setval('public.khuyen_mai_id_seq', 4, true);


--
-- TOC entry 5174 (class 0 OID 0)
-- Dependencies: 245
-- Name: lich_su_hoat_dong_id_seq; Type: SEQUENCE SET; Schema: public; Owner: postgres
--

SELECT pg_catalog.setval('public.lich_su_hoat_dong_id_seq', 24, true);


--
-- TOC entry 5175 (class 0 OID 0)
-- Dependencies: 247
-- Name: loai_thuoc_id_seq; Type: SEQUENCE SET; Schema: public; Owner: postgres
--

SELECT pg_catalog.setval('public.loai_thuoc_id_seq', 1, false);


--
-- TOC entry 5176 (class 0 OID 0)
-- Dependencies: 249
-- Name: nguoi_dung_id_seq; Type: SEQUENCE SET; Schema: public; Owner: postgres
--

SELECT pg_catalog.setval('public.nguoi_dung_id_seq', 12, true);


--
-- TOC entry 5177 (class 0 OID 0)
-- Dependencies: 252
-- Name: nha_cung_cap_id_seq; Type: SEQUENCE SET; Schema: public; Owner: postgres
--

SELECT pg_catalog.setval('public.nha_cung_cap_id_seq', 1, true);


--
-- TOC entry 5178 (class 0 OID 0)
-- Dependencies: 254
-- Name: nha_san_xuat_id_seq; Type: SEQUENCE SET; Schema: public; Owner: postgres
--

SELECT pg_catalog.setval('public.nha_san_xuat_id_seq', 1, false);


--
-- TOC entry 5179 (class 0 OID 0)
-- Dependencies: 256
-- Name: nhom_quyen_id_seq; Type: SEQUENCE SET; Schema: public; Owner: postgres
--

SELECT pg_catalog.setval('public.nhom_quyen_id_seq', 5, true);


--
-- TOC entry 5180 (class 0 OID 0)
-- Dependencies: 258
-- Name: phieu_nhap_id_seq; Type: SEQUENCE SET; Schema: public; Owner: postgres
--

SELECT pg_catalog.setval('public.phieu_nhap_id_seq', 17, true);


--
-- TOC entry 5181 (class 0 OID 0)
-- Dependencies: 260
-- Name: thanh_phan_thuoc_id_seq; Type: SEQUENCE SET; Schema: public; Owner: postgres
--

SELECT pg_catalog.setval('public.thanh_phan_thuoc_id_seq', 24, true);


--
-- TOC entry 5182 (class 0 OID 0)
-- Dependencies: 262
-- Name: thong_bao_id_seq; Type: SEQUENCE SET; Schema: public; Owner: postgres
--

SELECT pg_catalog.setval('public.thong_bao_id_seq', 7, true);


--
-- TOC entry 5183 (class 0 OID 0)
-- Dependencies: 264
-- Name: thuoc_id_seq; Type: SEQUENCE SET; Schema: public; Owner: postgres
--

SELECT pg_catalog.setval('public.thuoc_id_seq', 16, true);


--
-- TOC entry 5184 (class 0 OID 0)
-- Dependencies: 266
-- Name: ton_kho_id_seq; Type: SEQUENCE SET; Schema: public; Owner: postgres
--

SELECT pg_catalog.setval('public.ton_kho_id_seq', 11, true);


--
-- TOC entry 5185 (class 0 OID 0)
-- Dependencies: 268
-- Name: tuong_tac_thuoc_id_seq; Type: SEQUENCE SET; Schema: public; Owner: postgres
--

SELECT pg_catalog.setval('public.tuong_tac_thuoc_id_seq', 5, true);


--
-- TOC entry 4876 (class 2606 OID 74736)
-- Name: chi_tiet_chuc_nang chi_tiet_chuc_nang_pkey; Type: CONSTRAINT; Schema: public; Owner: postgres
--

ALTER TABLE ONLY public.chi_tiet_chuc_nang
    ADD CONSTRAINT chi_tiet_chuc_nang_pkey PRIMARY KEY (id);


--
-- TOC entry 4878 (class 2606 OID 74742)
-- Name: chi_tiet_don_hang chi_tiet_don_hang_pkey; Type: CONSTRAINT; Schema: public; Owner: postgres
--

ALTER TABLE ONLY public.chi_tiet_don_hang
    ADD CONSTRAINT chi_tiet_don_hang_pkey PRIMARY KEY (id);


--
-- TOC entry 4880 (class 2606 OID 74748)
-- Name: chi_tiet_gio_hang chi_tiet_gio_hang_pkey; Type: CONSTRAINT; Schema: public; Owner: postgres
--

ALTER TABLE ONLY public.chi_tiet_gio_hang
    ADD CONSTRAINT chi_tiet_gio_hang_pkey PRIMARY KEY (id);


--
-- TOC entry 4882 (class 2606 OID 74754)
-- Name: chi_tiet_khuyen_mai chi_tiet_khuyen_mai_pkey; Type: CONSTRAINT; Schema: public; Owner: postgres
--

ALTER TABLE ONLY public.chi_tiet_khuyen_mai
    ADD CONSTRAINT chi_tiet_khuyen_mai_pkey PRIMARY KEY (id);


--
-- TOC entry 4884 (class 2606 OID 74760)
-- Name: chi_tiet_nhom_quyen chi_tiet_nhom_quyen_pkey; Type: CONSTRAINT; Schema: public; Owner: postgres
--

ALTER TABLE ONLY public.chi_tiet_nhom_quyen
    ADD CONSTRAINT chi_tiet_nhom_quyen_pkey PRIMARY KEY (id);


--
-- TOC entry 4886 (class 2606 OID 74766)
-- Name: chi_tiet_phieu_nhap chi_tiet_phieu_nhap_pkey; Type: CONSTRAINT; Schema: public; Owner: postgres
--

ALTER TABLE ONLY public.chi_tiet_phieu_nhap
    ADD CONSTRAINT chi_tiet_phieu_nhap_pkey PRIMARY KEY (id);


--
-- TOC entry 4888 (class 2606 OID 74774)
-- Name: chuc_nang chuc_nang_pkey; Type: CONSTRAINT; Schema: public; Owner: postgres
--

ALTER TABLE ONLY public.chuc_nang
    ADD CONSTRAINT chuc_nang_pkey PRIMARY KEY (id);


--
-- TOC entry 4890 (class 2606 OID 74782)
-- Name: danh_gia danh_gia_pkey; Type: CONSTRAINT; Schema: public; Owner: postgres
--

ALTER TABLE ONLY public.danh_gia
    ADD CONSTRAINT danh_gia_pkey PRIMARY KEY (id);


--
-- TOC entry 4892 (class 2606 OID 74790)
-- Name: danh_muc_thuoc danh_muc_thuoc_pkey; Type: CONSTRAINT; Schema: public; Owner: postgres
--

ALTER TABLE ONLY public.danh_muc_thuoc
    ADD CONSTRAINT danh_muc_thuoc_pkey PRIMARY KEY (id);


--
-- TOC entry 4894 (class 2606 OID 74798)
-- Name: doi_tuong doi_tuong_pkey; Type: CONSTRAINT; Schema: public; Owner: postgres
--

ALTER TABLE ONLY public.doi_tuong
    ADD CONSTRAINT doi_tuong_pkey PRIMARY KEY (id);


--
-- TOC entry 4896 (class 2606 OID 74804)
-- Name: doi_tuong_sd_thuoc doi_tuong_sd_thuoc_pkey; Type: CONSTRAINT; Schema: public; Owner: postgres
--

ALTER TABLE ONLY public.doi_tuong_sd_thuoc
    ADD CONSTRAINT doi_tuong_sd_thuoc_pkey PRIMARY KEY (id);


--
-- TOC entry 4898 (class 2606 OID 74815)
-- Name: don_hang don_hang_pkey; Type: CONSTRAINT; Schema: public; Owner: postgres
--

ALTER TABLE ONLY public.don_hang
    ADD CONSTRAINT don_hang_pkey PRIMARY KEY (id);


--
-- TOC entry 4900 (class 2606 OID 74821)
-- Name: gio_hang gio_hang_pkey; Type: CONSTRAINT; Schema: public; Owner: postgres
--

ALTER TABLE ONLY public.gio_hang
    ADD CONSTRAINT gio_hang_pkey PRIMARY KEY (id);


--
-- TOC entry 4902 (class 2606 OID 74829)
-- Name: khuyen_mai khuyen_mai_pkey; Type: CONSTRAINT; Schema: public; Owner: postgres
--

ALTER TABLE ONLY public.khuyen_mai
    ADD CONSTRAINT khuyen_mai_pkey PRIMARY KEY (id);


--
-- TOC entry 4904 (class 2606 OID 74837)
-- Name: lich_su_hoat_dong lich_su_hoat_dong_pkey; Type: CONSTRAINT; Schema: public; Owner: postgres
--

ALTER TABLE ONLY public.lich_su_hoat_dong
    ADD CONSTRAINT lich_su_hoat_dong_pkey PRIMARY KEY (id);


--
-- TOC entry 4906 (class 2606 OID 74845)
-- Name: loai_thuoc loai_thuoc_pkey; Type: CONSTRAINT; Schema: public; Owner: postgres
--

ALTER TABLE ONLY public.loai_thuoc
    ADD CONSTRAINT loai_thuoc_pkey PRIMARY KEY (id);


--
-- TOC entry 4908 (class 2606 OID 74853)
-- Name: nguoi_dung nguoi_dung_pkey; Type: CONSTRAINT; Schema: public; Owner: postgres
--

ALTER TABLE ONLY public.nguoi_dung
    ADD CONSTRAINT nguoi_dung_pkey PRIMARY KEY (id);


--
-- TOC entry 4910 (class 2606 OID 74864)
-- Name: nha_cung_cap nha_cung_cap_pkey; Type: CONSTRAINT; Schema: public; Owner: postgres
--

ALTER TABLE ONLY public.nha_cung_cap
    ADD CONSTRAINT nha_cung_cap_pkey PRIMARY KEY (id);


--
-- TOC entry 4912 (class 2606 OID 74872)
-- Name: nha_san_xuat nha_san_xuat_pkey; Type: CONSTRAINT; Schema: public; Owner: postgres
--

ALTER TABLE ONLY public.nha_san_xuat
    ADD CONSTRAINT nha_san_xuat_pkey PRIMARY KEY (id);


--
-- TOC entry 4914 (class 2606 OID 74880)
-- Name: nhom_quyen nhom_quyen_pkey; Type: CONSTRAINT; Schema: public; Owner: postgres
--

ALTER TABLE ONLY public.nhom_quyen
    ADD CONSTRAINT nhom_quyen_pkey PRIMARY KEY (id);


--
-- TOC entry 4916 (class 2606 OID 74886)
-- Name: phieu_nhap phieu_nhap_pkey; Type: CONSTRAINT; Schema: public; Owner: postgres
--

ALTER TABLE ONLY public.phieu_nhap
    ADD CONSTRAINT phieu_nhap_pkey PRIMARY KEY (id);


--
-- TOC entry 4918 (class 2606 OID 74894)
-- Name: thanh_phan_thuoc thanh_phan_thuoc_pkey; Type: CONSTRAINT; Schema: public; Owner: postgres
--

ALTER TABLE ONLY public.thanh_phan_thuoc
    ADD CONSTRAINT thanh_phan_thuoc_pkey PRIMARY KEY (id);


--
-- TOC entry 4920 (class 2606 OID 74903)
-- Name: thong_bao thong_bao_pkey; Type: CONSTRAINT; Schema: public; Owner: postgres
--

ALTER TABLE ONLY public.thong_bao
    ADD CONSTRAINT thong_bao_pkey PRIMARY KEY (id);


--
-- TOC entry 4922 (class 2606 OID 74911)
-- Name: thuoc thuoc_pkey; Type: CONSTRAINT; Schema: public; Owner: postgres
--

ALTER TABLE ONLY public.thuoc
    ADD CONSTRAINT thuoc_pkey PRIMARY KEY (id);


--
-- TOC entry 4924 (class 2606 OID 74919)
-- Name: ton_kho ton_kho_pkey; Type: CONSTRAINT; Schema: public; Owner: postgres
--

ALTER TABLE ONLY public.ton_kho
    ADD CONSTRAINT ton_kho_pkey PRIMARY KEY (id);


--
-- TOC entry 4926 (class 2606 OID 74927)
-- Name: tuong_tac_thuoc tuong_tac_thuoc_pkey; Type: CONSTRAINT; Schema: public; Owner: postgres
--

ALTER TABLE ONLY public.tuong_tac_thuoc
    ADD CONSTRAINT tuong_tac_thuoc_pkey PRIMARY KEY (id);


--
-- TOC entry 4939 (class 2606 OID 74998)
-- Name: danh_gia fk2yyabtplfk3d3530pfuuqkk9n; Type: FK CONSTRAINT; Schema: public; Owner: postgres
--

ALTER TABLE ONLY public.danh_gia
    ADD CONSTRAINT fk2yyabtplfk3d3530pfuuqkk9n FOREIGN KEY (thuoc_id) REFERENCES public.thuoc(id);


--
-- TOC entry 4949 (class 2606 OID 75038)
-- Name: nguoi_nhan_thong_bao fk3kgwirjd17jw8cdqbubr7otgt; Type: FK CONSTRAINT; Schema: public; Owner: postgres
--

ALTER TABLE ONLY public.nguoi_nhan_thong_bao
    ADD CONSTRAINT fk3kgwirjd17jw8cdqbubr7otgt FOREIGN KEY (nguoi_dung_id) REFERENCES public.nguoi_dung(id);


--
-- TOC entry 4944 (class 2606 OID 75018)
-- Name: don_hang fk3tq0qg6f6ranwlr8gvfii79d3; Type: FK CONSTRAINT; Schema: public; Owner: postgres
--

ALTER TABLE ONLY public.don_hang
    ADD CONSTRAINT fk3tq0qg6f6ranwlr8gvfii79d3 FOREIGN KEY (nguoi_dung_id) REFERENCES public.nguoi_dung(id);


--
-- TOC entry 4931 (class 2606 OID 74948)
-- Name: chi_tiet_gio_hang fk5e5jfe401gg179es4akmlg2u9; Type: FK CONSTRAINT; Schema: public; Owner: postgres
--

ALTER TABLE ONLY public.chi_tiet_gio_hang
    ADD CONSTRAINT fk5e5jfe401gg179es4akmlg2u9 FOREIGN KEY (gio_hang_id) REFERENCES public.gio_hang(id);


--
-- TOC entry 4951 (class 2606 OID 75053)
-- Name: phieu_nhap fk5lmupwyqjjdup4ki1g1dq2cct; Type: FK CONSTRAINT; Schema: public; Owner: postgres
--

ALTER TABLE ONLY public.phieu_nhap
    ADD CONSTRAINT fk5lmupwyqjjdup4ki1g1dq2cct FOREIGN KEY (nha_cung_cap_id) REFERENCES public.nha_cung_cap(id);


--
-- TOC entry 4935 (class 2606 OID 74973)
-- Name: chi_tiet_nhom_quyen fk78crhge1gbglmi15vqsqfi44g; Type: FK CONSTRAINT; Schema: public; Owner: postgres
--

ALTER TABLE ONLY public.chi_tiet_nhom_quyen
    ADD CONSTRAINT fk78crhge1gbglmi15vqsqfi44g FOREIGN KEY (nhom_quyen_id) REFERENCES public.nhom_quyen(id);


--
-- TOC entry 4948 (class 2606 OID 75033)
-- Name: loai_thuoc fk7b2cgoq0643ho26tkhheby57y; Type: FK CONSTRAINT; Schema: public; Owner: postgres
--

ALTER TABLE ONLY public.loai_thuoc
    ADD CONSTRAINT fk7b2cgoq0643ho26tkhheby57y FOREIGN KEY (danh_muc_thuoc_id) REFERENCES public.danh_muc_thuoc(id);


--
-- TOC entry 4942 (class 2606 OID 75008)
-- Name: doi_tuong_sd_thuoc fk7k6co1t64upgh5qrnj0vdo8mm; Type: FK CONSTRAINT; Schema: public; Owner: postgres
--

ALTER TABLE ONLY public.doi_tuong_sd_thuoc
    ADD CONSTRAINT fk7k6co1t64upgh5qrnj0vdo8mm FOREIGN KEY (thuoc_id) REFERENCES public.thuoc(id);


--
-- TOC entry 4929 (class 2606 OID 74943)
-- Name: chi_tiet_don_hang fk9c2ff7pkr27vetfi4fsusqrl6; Type: FK CONSTRAINT; Schema: public; Owner: postgres
--

ALTER TABLE ONLY public.chi_tiet_don_hang
    ADD CONSTRAINT fk9c2ff7pkr27vetfi4fsusqrl6 FOREIGN KEY (thuoc_id) REFERENCES public.thuoc(id);


--
-- TOC entry 4950 (class 2606 OID 75043)
-- Name: nguoi_nhan_thong_bao fk9k339c5rjxtacrkugbu2eajtk; Type: FK CONSTRAINT; Schema: public; Owner: postgres
--

ALTER TABLE ONLY public.nguoi_nhan_thong_bao
    ADD CONSTRAINT fk9k339c5rjxtacrkugbu2eajtk FOREIGN KEY (thong_bao_id) REFERENCES public.thong_bao(id);


--
-- TOC entry 4932 (class 2606 OID 74953)
-- Name: chi_tiet_gio_hang fk9tn526ftgxrcm5fny5f39j5dv; Type: FK CONSTRAINT; Schema: public; Owner: postgres
--

ALTER TABLE ONLY public.chi_tiet_gio_hang
    ADD CONSTRAINT fk9tn526ftgxrcm5fny5f39j5dv FOREIGN KEY (thuoc_id) REFERENCES public.thuoc(id);


--
-- TOC entry 4940 (class 2606 OID 74993)
-- Name: danh_gia fkaaihhls928u1jnd9tr0tpayh7; Type: FK CONSTRAINT; Schema: public; Owner: postgres
--

ALTER TABLE ONLY public.danh_gia
    ADD CONSTRAINT fkaaihhls928u1jnd9tr0tpayh7 FOREIGN KEY (nguoi_dung_id) REFERENCES public.nguoi_dung(id);


--
-- TOC entry 4947 (class 2606 OID 75028)
-- Name: lich_su_hoat_dong fkaapc5q6387py8kfwvbmj6189v; Type: FK CONSTRAINT; Schema: public; Owner: postgres
--

ALTER TABLE ONLY public.lich_su_hoat_dong
    ADD CONSTRAINT fkaapc5q6387py8kfwvbmj6189v FOREIGN KEY (nguoi_dung_id) REFERENCES public.nguoi_dung(id);


--
-- TOC entry 4943 (class 2606 OID 75003)
-- Name: doi_tuong_sd_thuoc fkbaij92lb9aj4u1nhd92jpcppr; Type: FK CONSTRAINT; Schema: public; Owner: postgres
--

ALTER TABLE ONLY public.doi_tuong_sd_thuoc
    ADD CONSTRAINT fkbaij92lb9aj4u1nhd92jpcppr FOREIGN KEY (doi_tuong_id) REFERENCES public.doi_tuong(id);


--
-- TOC entry 4954 (class 2606 OID 75068)
-- Name: thuoc fkep2g0srqid823wn6uvnillnlc; Type: FK CONSTRAINT; Schema: public; Owner: postgres
--

ALTER TABLE ONLY public.thuoc
    ADD CONSTRAINT fkep2g0srqid823wn6uvnillnlc FOREIGN KEY (nha_san_xuat_id) REFERENCES public.nha_san_xuat(id);


--
-- TOC entry 4941 (class 2606 OID 74988)
-- Name: danh_gia fkf3jo702x4p3o5qvioh2c1l814; Type: FK CONSTRAINT; Schema: public; Owner: postgres
--

ALTER TABLE ONLY public.danh_gia
    ADD CONSTRAINT fkf3jo702x4p3o5qvioh2c1l814 FOREIGN KEY (danh_gia_id) REFERENCES public.danh_gia(id);


--
-- TOC entry 4936 (class 2606 OID 74968)
-- Name: chi_tiet_nhom_quyen fkh9bvpjkxpig7ggjyqp9emuuci; Type: FK CONSTRAINT; Schema: public; Owner: postgres
--

ALTER TABLE ONLY public.chi_tiet_nhom_quyen
    ADD CONSTRAINT fkh9bvpjkxpig7ggjyqp9emuuci FOREIGN KEY (nguoi_dung_id) REFERENCES public.nguoi_dung(id);


--
-- TOC entry 4933 (class 2606 OID 74963)
-- Name: chi_tiet_khuyen_mai fkiovgcl0ii3mcyf191gtt53vyp; Type: FK CONSTRAINT; Schema: public; Owner: postgres
--

ALTER TABLE ONLY public.chi_tiet_khuyen_mai
    ADD CONSTRAINT fkiovgcl0ii3mcyf191gtt53vyp FOREIGN KEY (thuoc_id) REFERENCES public.thuoc(id);


--
-- TOC entry 4946 (class 2606 OID 75023)
-- Name: gio_hang fkjwjvmuiwdlmivw1aec603rias; Type: FK CONSTRAINT; Schema: public; Owner: postgres
--

ALTER TABLE ONLY public.gio_hang
    ADD CONSTRAINT fkjwjvmuiwdlmivw1aec603rias FOREIGN KEY (nguoi_dung_id) REFERENCES public.nguoi_dung(id);


--
-- TOC entry 4945 (class 2606 OID 75013)
-- Name: don_hang fkktsxi9eeu2u8wqc3n5jmg6f7n; Type: FK CONSTRAINT; Schema: public; Owner: postgres
--

ALTER TABLE ONLY public.don_hang
    ADD CONSTRAINT fkktsxi9eeu2u8wqc3n5jmg6f7n FOREIGN KEY (khach_hang_id) REFERENCES public.nguoi_dung(id);


--
-- TOC entry 4955 (class 2606 OID 75063)
-- Name: thuoc fkl4j962f35a8t8qllduw97pdnw; Type: FK CONSTRAINT; Schema: public; Owner: postgres
--

ALTER TABLE ONLY public.thuoc
    ADD CONSTRAINT fkl4j962f35a8t8qllduw97pdnw FOREIGN KEY (loai_thuoc_id) REFERENCES public.loai_thuoc(id);


--
-- TOC entry 4952 (class 2606 OID 75048)
-- Name: phieu_nhap fkp3usg1sompfsu63lom5sjjfyl; Type: FK CONSTRAINT; Schema: public; Owner: postgres
--

ALTER TABLE ONLY public.phieu_nhap
    ADD CONSTRAINT fkp3usg1sompfsu63lom5sjjfyl FOREIGN KEY (nguoi_dung_id) REFERENCES public.nguoi_dung(id);


--
-- TOC entry 4934 (class 2606 OID 74958)
-- Name: chi_tiet_khuyen_mai fkpcj2s8am7m21h5gib1teerpsh; Type: FK CONSTRAINT; Schema: public; Owner: postgres
--

ALTER TABLE ONLY public.chi_tiet_khuyen_mai
    ADD CONSTRAINT fkpcj2s8am7m21h5gib1teerpsh FOREIGN KEY (khuyen_mai_id) REFERENCES public.khuyen_mai(id);


--
-- TOC entry 4927 (class 2606 OID 74933)
-- Name: chi_tiet_chuc_nang fkqkmapl0o688s4cj5o1ndmwju4; Type: FK CONSTRAINT; Schema: public; Owner: postgres
--

ALTER TABLE ONLY public.chi_tiet_chuc_nang
    ADD CONSTRAINT fkqkmapl0o688s4cj5o1ndmwju4 FOREIGN KEY (nhom_quyen_id) REFERENCES public.nhom_quyen(id);


--
-- TOC entry 4928 (class 2606 OID 74928)
-- Name: chi_tiet_chuc_nang fkqq5jj81pbil9xttx61tygigt9; Type: FK CONSTRAINT; Schema: public; Owner: postgres
--

ALTER TABLE ONLY public.chi_tiet_chuc_nang
    ADD CONSTRAINT fkqq5jj81pbil9xttx61tygigt9 FOREIGN KEY (chuc_nang_id) REFERENCES public.chuc_nang(id);


--
-- TOC entry 4953 (class 2606 OID 75058)
-- Name: thanh_phan_thuoc fkrj9sidi71937pscf2d9boapp8; Type: FK CONSTRAINT; Schema: public; Owner: postgres
--

ALTER TABLE ONLY public.thanh_phan_thuoc
    ADD CONSTRAINT fkrj9sidi71937pscf2d9boapp8 FOREIGN KEY (thuoc_id) REFERENCES public.thuoc(id);


--
-- TOC entry 4937 (class 2606 OID 74978)
-- Name: chi_tiet_phieu_nhap fkrwv42blu18960otrpapu1xyet; Type: FK CONSTRAINT; Schema: public; Owner: postgres
--

ALTER TABLE ONLY public.chi_tiet_phieu_nhap
    ADD CONSTRAINT fkrwv42blu18960otrpapu1xyet FOREIGN KEY (phieu_nhap_id) REFERENCES public.phieu_nhap(id);


--
-- TOC entry 4938 (class 2606 OID 74983)
-- Name: chi_tiet_phieu_nhap fkt24a5s9y1q2asmrir5c2o67qb; Type: FK CONSTRAINT; Schema: public; Owner: postgres
--

ALTER TABLE ONLY public.chi_tiet_phieu_nhap
    ADD CONSTRAINT fkt24a5s9y1q2asmrir5c2o67qb FOREIGN KEY (thuoc_id) REFERENCES public.thuoc(id);


--
-- TOC entry 4930 (class 2606 OID 74938)
-- Name: chi_tiet_don_hang fkt57maavf6s28hxyar724mdr1b; Type: FK CONSTRAINT; Schema: public; Owner: postgres
--

ALTER TABLE ONLY public.chi_tiet_don_hang
    ADD CONSTRAINT fkt57maavf6s28hxyar724mdr1b FOREIGN KEY (don_hang_id) REFERENCES public.don_hang(id);


--
-- TOC entry 4956 (class 2606 OID 75073)
-- Name: ton_kho fkt8sr264vkx0ync5khwbtt0aop; Type: FK CONSTRAINT; Schema: public; Owner: postgres
--

ALTER TABLE ONLY public.ton_kho
    ADD CONSTRAINT fkt8sr264vkx0ync5khwbtt0aop FOREIGN KEY (thuoc_id) REFERENCES public.thuoc(id);


-- Completed on 2025-05-19 22:05:51

--
-- PostgreSQL database dump complete
--

